id,name.local,name.en,name.slug,code.id,zip_codes,geo.lat,geo.lon
040801,អភិវឌ្ឍន៍,Akphivoadth,akphivoadth-040801,040801,040101,12.0051548,104.5684027
040803,ចោងម៉ោង,Chaong Maong,chaong-maong-040803,040803,040103,,
040802,ជៀប,Chieb,chieb-040802,040802,040102,12.0040809,104.4252602
040804,ក្បាលទឹក,Kbal Tuek,kbal-tuek-040804,040804,040104,11.9489927,104.3230088
040809,ក្តុលសែនជ័យ,Kdol Saen Chey,kdol-saen-chey-040809,040809,040109,,
040805,ខ្លុងពពក,Khlong Popok,khlong-popok-040805,040805,040105,12.0412394,104.4744987
040806,ក្រាំងស្គារ,Krang Skear,krang-skear-040806,040806,040106,12.1961782,104.332644
040807,តាំងក្រសាំង,Tang Krasang,tang-krasang-040807,040807,030110,12.1064498,104.5538744
040808,ទួលខ្ពស់,Tuol Khpos,tuol-khpos-040808,040808,040108,11.9862216,104.3932745
